Id,TitleId,RealName,CharacterName,Role
1,89,Martin McLaughlin,Louie Beatty,Producer
2,86,Queenie Murphy,Jaquan Kiehn,Director
3,5,Ethel Tromp,Norma Stiedemann,Music Composer
4,17,Mozell Feest,Ernestine Grady,Costume Designer
5,85,Damaris Tillman,Summer Hilll,Cinematographer
6,17,Willa Kunze,Jovani Schultz,Actress
7,35,Margaretta Hane,Dee Fay,Film Editor
8,41,Keenan Nader,Vicky Huels,Actress
9,52,Otto Kuvalis,Kaden Fay,Producer
10,12,Maddison Weimann,Houston Tremblay,Music Composer
11,56,Malachi Moore,Camryn Hessel,Music Composer
12,66,Cary Dietrich,Cornell Runolfsdottir,Screenwriter
13,30,Luisa Bednar,Toni Gleichner,Cinematographer
14,41,Nikki Becker,Hector Beahan,Film Editor
15,86,Cordia Moore,Jaquelin Mann,Production Designer
16,56,Isabella Lemke,Alexandrine Klein,Cinematographer
17,32,Clovis Thiel,Alexandre Gutmann,Costume Designer
18,56,Emmanuelle Kovacek,Karlee Lockman,Screenwriter
19,75,Lonny Koepp,Rebeka Cremin,Actress
20,82,Lavonne Krajcik,Bennett Feeney,Production Designer
21,72,Mossie Kris,Asha Kohler,Actor
22,97,Liliana Marquardt,Woodrow Borer,Cinematographer
23,56,Anne Batz,Crystal Stokes,Screenwriter
24,78,Joyce Deckow,Kari Schneider,Cinematographer
25,82,Reba Haag,Dovie Kunde,Actress
26,80,Kelsi Schultz,Olen Wilderman,Music Composer
27,89,Earline Breitenberg,Angelica Ruecker,Screenwriter
28,22,Heloise Gleichner,Hanna Macejkovic,Costume Designer
29,43,Novella McKenzie,Danyka Roob,Costume Designer
30,72,Elissa Harvey,Esther Hoeger,Actress
31,78,Moshe Macejkovic,Keith Bartell,Film Editor
32,44,Dagmar Kub,Dorothy Wuckert,Actress
33,24,Jessy Corkery,Hassie Corkery,Music Composer
34,84,Ross Lynch,Raphael King,Film Editor
35,50,Miller Bergnaum,Emile Hartmann,Production Designer
36,49,Annie Durgan,Wilmer Auer,Film Editor
37,67,Alba Ruecker,Alyce Bosco,Actress
38,24,Elisha Thompson,Judy Turcotte,Actor
39,31,Laney Herman,Kaci Okuneva,Costume Designer
40,5,Sonya Terry,Eleanora Wisoky,Production Designer
41,89,Mabelle Schmidt,Stevie Trantow,Director
42,55,Rachel Witting,Claud Stoltenberg,Actress
43,12,Tre Beahan,Lilla Hoeger,Costume Designer
44,22,Louie Hilpert,Lavina Daugherty,Producer
45,26,Enola Lind,Arch Christiansen,Actress
46,54,Hobart Conroy,Jaqueline Little,Screenwriter
47,55,Eula McDermott,Wilford Treutel,Actor
48,46,Jermaine Kemmer,Silas Robel,Production Designer
49,78,Ashley Nicolas,Hilton Kiehn,Music Composer
50,39,Curt Littel,Amy Torp,Producer
51,82,Casimir Klein,Alberta Swaniawski,Music Composer
52,30,Angus Stanton,Telly Willms,Production Designer
53,75,Elmira Kshlerin,Jesus Huels,Production Designer
54,42,Halie Gorczany,Bette Hamill,Actor
55,70,Rylan Durgan,Ronny Veum,Cinematographer
56,53,Kayla Nicolas,Helen Balistreri,Actor
57,64,Aniyah Schowalter,Josephine Carter,Actor
58,49,Dawn Price,Mittie Reilly,Costume Designer
59,69,Talia Bode,Kenyon Will,Music Composer
60,56,Jayson Olson,Aglae Zulauf,Cinematographer
61,97,Jessy Aufderhar,Bert Homenick,Screenwriter
62,62,Hollis Miller,Jeremie Trantow,Production Designer
63,76,Sandy Hilll,Marcelo Kuhn,Music Composer
64,54,Warren Pollich,Axel Willms,Producer
65,2,Halle Koepp,Alvena Koelpin,Director
66,72,Sigrid Senger,Barrett Hyatt,Actress
67,84,Santino Mann,Kayla Strosin,Actress
68,28,Jefferey Zieme,Molly Quigley,Screenwriter
69,32,Sheridan Green,Amelia Leffler,Actor
70,12,Annie Carter,Diamond Thiel,Production Designer
71,29,Merle Grady,Art Ritchie,Music Composer
72,25,Clemens Hammes,Kristopher Paucek,Actor
73,31,Bernita Boyle,Stephany Rogahn,Costume Designer
74,80,Geraldine Rath,Ronaldo O'Kon,Costume Designer
75,73,Autumn McKenzie,Kylie O'Kon,Production Designer
76,70,Erick Jacobs,Loraine Mayer,Music Composer
77,18,Savanna Ferry,Kali Runolfsdottir,Actor
78,51,Woodrow Conroy,Newell Legros,Film Editor
79,56,Julie Lueilwitz,Clyde Jacobs,Cinematographer
80,47,Norval Conroy,Xander Beier,Production Designer
81,17,Gregorio Klein,Bailey Johnston,Actor
82,24,Henriette Nader,Wendell Koch,Screenwriter
83,44,Lera Treutel,Sabrina Hyatt,Producer
84,82,Freida Rohan,Kieran Mayer,Cinematographer
85,88,Madelyn Purdy,Vida Lubowitz,Screenwriter
86,1,Leopold Leffler,Dortha Harvey,Actress
87,80,Aiyana Weimann,Kellen Wisoky,Music Composer
88,93,Amya Satterfield,Salma Tremblay,Cinematographer
89,26,Silas Fay,Mark Watsica,Screenwriter
90,10,Olin Olson,Dora Upton,Cinematographer
91,24,Casandra Runolfsdottir,Julio Monahan,Screenwriter
92,18,Davonte Nienow,Mekhi Considine,Music Composer
93,90,Paige Huels,Marquise Gutkowski,Costume Designer
94,45,Jarrod Ziemann,Stephany Wehner,Producer
95,59,Patricia Romaguera,Cleo Koepp,Producer
96,69,Brycen Sanford,Amos O'Kon,Cinematographer
97,85,Itzel Wilkinson,Nella Harber,Film Editor
98,34,Brooke Keeling,Jordane Farrell,Actress
99,24,Maritza Bergnaum,Joanie Crona,Production Designer
100,84,Vickie Wolf,Emery McCullough,Screenwriter
101,37,Devyn Homenick,Jerrell Emard,Director
102,5,Kira Bogan,Tiana Purdy,Director
103,91,Glen Stiedemann,Kayla Swaniawski,Production Designer
104,33,Josefa Bosco,Myra Zemlak,Film Editor
105,93,Zella Kuphal,Tavares Trantow,Producer
106,3,Shane Watsica,Lydia Swift,Actor
107,82,Destini Nader,Joannie Koch,Actor
108,8,Aron Feil,Lacey Stokes,Music Composer
109,3,Alisa Runte,Nicola Schiller,Costume Designer
110,11,Adrienne Ankunding,Brenda Morar,Cinematographer
111,37,Kendrick Jacobs,Leonard Murazik,Music Composer
112,93,Dameon Hackett,Tessie Becker,Music Composer
113,90,Etha Haley,Dean Kuhic,Actor
114,90,Toney Kautzer,Florencio Lesch,Actress
115,52,Adah Nolan,Maximus Yundt,Costume Designer
116,27,Hazle Breitenberg,Khalid Padberg,Actress
117,100,Tressa Watsica,Floyd Tillman,Director
118,96,Amparo Schmitt,Zackery Von,Costume Designer
119,77,Forest Lockman,Alfonso Abernathy,Producer
120,25,Myriam Jacobi,Delta Bartell,Actor
121,69,Garrick Kiehn,Nicholaus Auer,Director
122,60,Nedra O'Hara,Lon Yost,Costume Designer
123,55,Myra Kuvalis,Peyton Nikolaus,Production Designer
124,73,Dakota Watsica,Gia Bruen,Film Editor
125,25,Florencio Tillman,Jovani Daniel,Film Editor
126,85,Patsy Sporer,Olaf Weimann,Costume Designer
127,52,Anastacio Abshire,Glenda Crist,Production Designer
128,88,Felicity Lakin,Zelma Pollich,Cinematographer
129,68,Carlo Schimmel,Pascale Bernhard,Costume Designer
130,42,Kiara Anderson,Arvel Raynor,Production Designer
131,15,Rafael Hoppe,Trystan Erdman,Film Editor
132,78,Larissa Lockman,Hector Abshire,Film Editor
133,17,Melissa Parker,Cyril Gutmann,Producer
134,69,Kendrick Pouros,Adriana Emard,Music Composer
135,72,Amir Mertz,Vince Ledner,Actress
136,21,Jaren Zulauf,Greyson Wisozk,Production Designer
137,27,Ara Monahan,Baron Willms,Costume Designer
138,20,Kenyatta Cole,Cleo Johns,Film Editor
139,17,Asha Rodriguez,Isabelle O'Reilly,Producer
140,37,Alvina White,Sarai Gutkowski,Screenwriter
141,6,Mackenzie Jaskolski,Serena Stamm,Cinematographer
142,93,Marc Bechtelar,Raegan Thiel,Producer
143,4,Rudy Rutherford,Icie Bogan,Costume Designer
144,45,Rylee Johns,Oswaldo Luettgen,Actor
145,11,Austyn Stehr,Alejandrin Thiel,Cinematographer
146,3,Elza Upton,Adrain Cronin,Director
147,26,Payton Gerhold,Waino Cartwright,Screenwriter
148,2,Kenya Zemlak,Mellie Hane,Production Designer
149,55,Autumn Torphy,Aditya Muller,Screenwriter
150,82,Jazmin Botsford,Tristian Simonis,Costume Designer
151,82,Conrad Dach,Humberto Mitchell,Actress
152,46,Conrad Pouros,Kendra Lubowitz,Director
153,23,Brayan Haag,Cody Kuphal,Cinematographer
154,6,Perry Kassulke,Janick Wunsch,Music Composer
155,84,Nyah Koch,Kurt Prosacco,Screenwriter
156,69,Delilah Cole,Sebastian Klein,Producer
157,96,Adolph Larson,Aniya Pfeffer,Director
158,9,Larissa Wiza,Hope Deckow,Actor
159,14,Adah Thompson,Braeden Beier,Film Editor
160,74,Abe Batz,Addison Collier,Director
161,5,Antoinette Prosacco,Helena Stehr,Cinematographer
162,1,Nannie Steuber,Romaine Schultz,Film Editor
163,9,Ken Medhurst,Joelle Casper,Actress
164,24,Burnice Koss,Elena Kuhn,Screenwriter
165,30,Estell Smitham,Abigayle Schaefer,Director
166,45,Trystan Lind,Eldred Tremblay,Producer
167,16,Demarco Crist,Erich Quigley,Film Editor
168,19,Elton Schumm,Shaina Schinner,Director
169,98,Margot Witting,Ariane Berge,Actress
170,27,Kayden Sawayn,Gustave Prosacco,Costume Designer
171,98,Duncan Macejkovic,Alysha King,Music Composer
172,60,Louisa Heidenreich,Shawna Moen,Film Editor
173,33,Judd Mraz,Doyle Olson,Cinematographer
174,18,Agustina Wolff,Mike Dare,Film Editor
175,59,Jolie Howell,Rickey Toy,Director
176,8,Cornell Daugherty,Cory Lehner,Cinematographer
177,27,Jonatan Hilpert,Kariane Armstrong,Actor
178,9,Olen Block,Samantha Gusikowski,Cinematographer
179,31,Sigurd Haley,Leora Gerhold,Actor
180,31,Elenor Kihn,Annie Breitenberg,Director
181,9,Adela White,Evangeline Baumbach,Film Editor
182,64,Beth Watsica,Dedrick Bogan,Director
183,88,Melany Streich,Johathan Olson,Director
184,97,Olen Ullrich,Rodrick Murphy,Screenwriter
185,16,Raymundo Schaefer,Clifton Lesch,Costume Designer
186,97,Wendell Pacocha,Filiberto Ortiz,Music Composer
187,42,Afton Schulist,Derrick Kub,Cinematographer
188,27,Nicolas Sanford,Brown Hermann,Screenwriter
189,32,Modesto Miller,Noah Pfeffer,Costume Designer
190,58,Caden Torp,Maria Keebler,Cinematographer
191,80,Lydia Conn,Grady Volkman,Cinematographer
192,18,Einar Simonis,Lorna Champlin,Music Composer
193,35,Beulah Denesik,Yesenia Nikolaus,Cinematographer
194,39,Valentine Dooley,Leonard Weimann,Production Designer
195,42,Bradford Erdman,Godfrey Schuppe,Film Editor
196,58,Amalia Smitham,Sibyl Auer,Cinematographer
197,51,Anne Farrell,Bailee Pacocha,Producer
198,62,Timmy Towne,Willy Borer,Producer
199,3,Damon Mayer,Iliana Breitenberg,Producer
200,32,Maxwell Cronin,Haley Greenfelder,Cinematographer
201,66,Tad Becker,Enrique Buckridge,Actor
202,5,Magdalena Wolf,Shaniya Dickens,Costume Designer
203,56,Braxton Kuhlman,Lyda Nitzsche,Cinematographer
204,91,Daphnee Greenholt,Ernest Hickle,Production Designer
205,52,Ezequiel Gutmann,Corrine Barrows,Director
206,97,Myriam Klocko,Bryon Doyle,Actress
207,30,Abdiel Hayes,Winston Gottlieb,Production Designer
208,24,Stuart Altenwerth,Krista Marvin,Director
209,81,Bryana Marquardt,Helena Mosciski,Actor
210,46,Marjolaine Hand,Myron Lind,Actress
211,16,Maxine Larkin,Angel Toy,Music Composer
212,32,Ethan Metz,Tyra Schuppe,Music Composer
213,63,Cortez Walker,Vada Hyatt,Film Editor
214,6,Zachariah Brown,Bud Stoltenberg,Music Composer
215,46,Norma Kilback,Nikolas Strosin,Production Designer
216,8,Raoul Windler,Kirsten Hilpert,Actor
217,50,Delbert Nikolaus,Modesto Koepp,Director
218,23,Gudrun Wilderman,Gino Treutel,Costume Designer
219,44,Jewell Kessler,Everett Orn,Film Editor
220,13,Jordane Braun,Eladio Hansen,Actor
221,15,Ewell Swift,Anjali Walsh,Director
222,40,Brown Marquardt,Carmella Murazik,Actress
223,65,Doug Torphy,Meghan Schmitt,Film Editor
224,95,Willa Price,Daphney Cartwright,Director
225,65,Stella Kilback,Brennon Nicolas,Actress
226,74,Meggie Collier,Dianna Littel,Producer
227,54,Kavon Grant,Isaias Treutel,Film Editor
228,70,Aaron Hartmann,Blanche Price,Production Designer
229,16,Ole Weimann,Buck Altenwerth,Actress
230,53,Thad Pfeffer,Alexandrine Zieme,Production Designer
231,49,Patricia Balistreri,Emil Anderson,Costume Designer
232,99,Jayne Ondricka,Arnulfo Weber,Cinematographer
233,78,Lilly Mitchell,Mckenzie Fritsch,Actor
234,16,Mylene Cummerata,Ole Zemlak,Actress
235,88,Chaya McLaughlin,Sadye Dickens,Costume Designer
236,57,Gideon Hackett,Gabrielle Grimes,Production Designer
237,12,Randall Abernathy,Oswaldo Goodwin,Actor
238,81,Ward Powlowski,Delphine Bahringer,Actress
239,59,Margarett Brakus,Demond Abbott,Costume Designer
240,90,Trisha Leffler,Cicero Dach,Producer
241,86,Deangelo Bosco,Emie Hyatt,Production Designer
242,35,Tyrel Wunsch,Serenity Nader,Producer
243,67,Araceli Harvey,Zita Larson,Film Editor
244,6,Stanley Graham,Hadley Fritsch,Actress
245,24,Gunnar Ullrich,Esmeralda Feest,Producer
246,76,Estel Maggio,Rex Beier,Production Designer
247,13,Gladyce Emard,Jerome Zieme,Producer
248,26,Nellie Barrows,Amber Reilly,Costume Designer
249,36,Crystal Dach,Dayne Harber,Producer
250,92,Maude Mertz,Kali Terry,Cinematographer
251,84,Trever D'Amore,Josh Rowe,Production Designer
252,36,Myrtle Wisozk,Freida Glover,Director
253,4,Fabian Zemlak,Fanny Howe,Actor
254,40,Roselyn Boehm,Destiny Kub,Producer
255,29,Titus Johns,Anne Willms,Costume Designer
256,78,Kadin Osinski,Roman Veum,Film Editor
257,100,Lindsey Runolfsdottir,Clementine Feeney,Production Designer
258,33,Brice Adams,Renee Hyatt,Screenwriter
259,54,Coby Schumm,Nina Kshlerin,Actress
260,74,Fritz Davis,Jettie Rodriguez,Film Editor
261,94,Ottilie Hills,Lessie Bahringer,Director
262,79,Heather Christiansen,Trace Koss,Music Composer
263,12,Thalia Veum,Kiara Abshire,Film Editor
264,32,Rory Kunze,Imelda Collier,Screenwriter
265,52,Diamond Herman,Felton Walker,Production Designer
266,17,Alden Toy,Reginald Kunde,Film Editor
267,35,Hunter Wolff,Iliana Dietrich,Actress
268,23,Gerardo McClure,Frederik Connelly,Director
269,62,Vickie Hackett,Mariam Schuppe,Actor
270,75,Nikita Bednar,Oran Schmeler,Costume Designer
271,28,Filomena DuBuque,Kaelyn Lockman,Actor
272,53,Curtis Schmitt,Amira Greenholt,Actor
273,62,Misty Kessler,Taurean Barrows,Screenwriter
274,29,Anastacio Hansen,Salma Corwin,Screenwriter
275,16,Micheal Lakin,Mae Nolan,Actor
276,50,Buddy Kohler,Carmine Kessler,Film Editor
277,74,Lavern Prosacco,Brionna Haley,Production Designer
278,71,Madelynn Parisian,Stan Brown,Screenwriter
279,70,Julia Graham,Madeline Nicolas,Costume Designer
280,14,Ronny Nader,Gage Heller,Actor
281,9,Henriette Harber,Reyna Hoeger,Actor
282,18,Jean Feeney,Madelyn Beahan,Music Composer
283,33,Vivien Denesik,Leonardo Bartoletti,Costume Designer
284,30,Koby Marks,Faustino Thompson,Screenwriter
285,43,Kian Von,Hazle Jerde,Actor
286,14,Elnora Flatley,Moises Hayes,Cinematographer
287,99,Kiley Murazik,Christa Fadel,Director
288,90,Hilda Gislason,Zachariah Ondricka,Music Composer
289,23,Verdie Schaden,Priscilla Goldner,Cinematographer
290,5,Benton Conroy,Garrett Howell,Actress
291,16,Shanelle MacGyver,Federico Smith,Director
292,98,Russell Ortiz,Archibald Rohan,Director
293,82,Savanah McDermott,Leann Fadel,Cinematographer
294,30,Lillian Baumbach,Sadye Beer,Screenwriter
295,92,Nicole Kirlin,Antone Franecki,Director
296,69,Brycen Mertz,Adella Morar,Cinematographer
297,56,Deron Morar,Xavier Ward,Music Composer
298,53,Orlando Jaskolski,Julia Legros,Production Designer
299,88,Emmet Robel,Cheyenne Becker,Producer
300,73,Joannie Schroeder,George Hahn,Costume Designer
301,24,Laisha Moore,Esther Dooley,Actress
302,84,Tyson Rippin,Gwendolyn Murphy,Actor
303,19,Kaitlyn Ziemann,Howard Jakubowski,Director
304,32,Shane Torp,Nina Veum,Film Editor
305,29,Eli Cummerata,Florencio Rutherford,Actor
306,47,Moriah Emmerich,Neil Wehner,Costume Designer
307,91,Magali Hauck,Benny Powlowski,Producer
308,98,Kaylah Walter,Leola Reinger,Actor
309,56,Gustave Goyette,Libby Gerhold,Actor
310,30,Dandre Abshire,Robb Dickinson,Producer
311,4,Ahmed Rutherford,Consuelo Johnson,Music Composer
312,19,Charlene Fahey,Hassie Volkman,Production Designer
313,11,Iliana Romaguera,Therese Roob,Screenwriter
314,84,Toy Schmitt,Cary Rice,Film Editor
315,73,Noemi McDermott,Erna Feest,Screenwriter
316,70,Randi Kunze,Laury Stracke,Actor
317,17,Jannie O'Kon,Dena Gutmann,Director
318,85,Rosamond Swift,Magdalena Graham,Producer
319,94,Theresa Waelchi,Viviane Kovacek,Director
320,46,Jedidiah Schaefer,Jordy Cormier,Producer
321,41,Annamarie Langworth,Myrtis Rohan,Actor
322,31,Jaime Mraz,Ophelia Herman,Production Designer
323,62,Rudolph Goldner,Magdalena Moen,Screenwriter
324,14,Gage Bergnaum,Jodie Daugherty,Screenwriter
325,81,Karson Bartell,Keira Zboncak,Screenwriter
326,8,Domingo DuBuque,Elsie Heaney,Film Editor
327,13,Nicolette Wolff,Eva Yundt,Actor
328,8,Maritza Sporer,Ines Grant,Cinematographer
329,98,Eduardo Nienow,Filiberto Legros,Film Editor
330,53,Precious Nienow,Verla Jerde,Director
331,28,Woodrow Schultz,Dayna Kreiger,Music Composer
332,55,Ludwig Huels,Heidi Cummings,Actress
333,41,Virgil Walker,Oma Barrows,Producer
334,68,Josephine Watsica,Walton Medhurst,Screenwriter
335,17,Astrid Kuvalis,Clyde Hermiston,Costume Designer
336,38,Fern Hayes,Kaylin Braun,Film Editor
337,5,Rita Kulas,Kathlyn Hayes,Cinematographer
338,87,Rae Lakin,Itzel Hilpert,Cinematographer
339,98,Magdalena Anderson,Myrtie Langosh,Film Editor
340,67,Joel Ritchie,Gene Lindgren,Actor
341,65,Reagan Stokes,Kiarra Kemmer,Producer
342,3,Guadalupe Collier,Aryanna Bartoletti,Music Composer
343,17,Arjun Kris,Maryjane Kreiger,Cinematographer
344,99,Amie Daugherty,Micheal Schowalter,Film Editor
345,67,Crystel Jaskolski,Conrad Nitzsche,Producer
346,28,Kian Cremin,Elliott Crooks,Director
347,96,Sven Gleason,Saul Ullrich,Production Designer
348,34,Fannie Howell,Sienna Hodkiewicz,Costume Designer
349,93,Jace Torp,Troy Bartell,Costume Designer
350,23,Rosetta Wyman,Jacklyn Dicki,Director
351,74,Wilton Hegmann,Andreanne Hoeger,Cinematographer
352,46,Bianka Conn,Greyson Carroll,Music Composer
353,96,Herminia Schneider,Delpha Rohan,Actor
354,94,Mia Runolfsson,Caleb Swift,Film Editor
355,76,Rigoberto Stokes,Lincoln Kilback,Producer
356,88,Norwood Klein,Bennie O'Reilly,Actress
357,50,Magnus Graham,Mark Powlowski,Costume Designer
358,19,Blaise Langworth,Sylvia Kilback,Film Editor
359,84,Henderson Powlowski,Mallie Kihn,Actress
360,13,Alfonso Hilpert,Rico Lehner,Film Editor
361,26,Francesco Schaden,Laila Hoppe,Production Designer
362,54,Karley Schowalter,Shana Wisoky,Actor
363,76,Elisa Zieme,Deangelo Yundt,Director
364,84,Alyson Witting,Davonte Sporer,Producer
365,75,Nigel Bergstrom,Howard Kozey,Actress
366,21,Amya Sporer,Evert Swaniawski,Music Composer
367,25,Camren Hickle,Jimmy Kuvalis,Producer
368,14,Madeline Kuhn,Elnora Mann,Cinematographer
369,3,Dolores Corwin,Bernie Fadel,Producer
370,94,Betsy Parker,Irwin Heidenreich,Director
371,5,Lavonne Stanton,Trinity Conn,Producer
372,56,Garfield Kling,Ara Rodriguez,Cinematographer
373,51,Rod Bogisich,Kaylin Stehr,Producer
374,28,Oliver Jones,Alvah Schumm,Actress
375,52,Jaycee Beer,Aglae Stracke,Production Designer
376,45,Judd Zulauf,Stone Satterfield,Costume Designer
377,14,Darrell Fisher,Trenton Rau,Film Editor
378,30,Ruth Rosenbaum,Francisco Feil,Director
379,23,Dalton Boyer,Kaitlin Jerde,Producer
380,38,Kip Johnston,Pascale Hegmann,Screenwriter
381,89,Katelynn Franecki,Gisselle Davis,Production Designer
382,9,Rigoberto Macejkovic,Liana Turcotte,Director
383,68,Shane Homenick,Catalina Murazik,Cinematographer
384,69,Jaqueline Reynolds,Al Collins,Costume Designer
385,55,Justice Casper,Jeanie Carroll,Director
386,39,Alexanne Gibson,Gabrielle Boehm,Screenwriter
387,76,Kirstin Mann,Roxanne Schuppe,Film Editor
388,84,Otha Hudson,Lavinia Ullrich,Cinematographer
389,10,Bradford Nader,Reanna Fadel,Screenwriter
390,83,Kraig Moore,Kristin Schowalter,Actress
391,24,Izabella Balistreri,Anastacio Farrell,Film Editor
392,57,Clinton Champlin,Estrella McGlynn,Actress
393,7,Reece Larkin,Lindsay Stiedemann,Screenwriter
394,53,Eunice Shanahan,Jerel Schiller,Music Composer
395,96,Alexandro Stokes,Petra Hickle,Director
396,27,Cydney Hyatt,Treva Bartoletti,Music Composer
397,19,Isac Breitenberg,Gardner Renner,Producer
398,88,Teagan Rodriguez,Wilber Kautzer,Cinematographer
399,50,Adella Jakubowski,Enos Rath,Costume Designer
400,40,Modesta Ullrich,Lisette Cole,Producer
401,52,Lowell Breitenberg,Clint Price,Producer
402,61,Alvah Hills,Joe Bahringer,Actor
403,15,Sierra Hansen,Shanon Boehm,Actress
404,28,Onie West,Porter Kris,Screenwriter
405,63,Mireya Bartell,Soledad Purdy,Film Editor
406,16,Jeff Brekke,Jose O'Hara,Screenwriter
407,85,Marilie Kutch,Milo O'Connell,Director
408,14,Price Robel,Vern Hilpert,Actress
409,66,Rosalind Schamberger,Jaime Sanford,Production Designer
410,81,Bulah Halvorson,Jose Kemmer,Director
411,14,Michael Hansen,Crawford Aufderhar,Costume Designer
412,89,Gabriella Bergstrom,Kendra Morissette,Actor
413,62,Hazel Torphy,Devonte Gleason,Film Editor
414,83,Jaclyn Rippin,Joelle Parisian,Screenwriter
415,11,Gertrude Metz,Gail Kulas,Producer
416,42,Zoila Weissnat,Bettie Douglas,Screenwriter
417,55,Nella Lindgren,Edward Bins,Producer
418,78,Lonnie Witting,Dayna Kulas,Film Editor
419,26,Kaylie Leffler,Malvina Hansen,Producer
420,61,Easter Gutkowski,Estelle Gleichner,Actor
421,42,Autumn Cole,Lemuel Moen,Costume Designer
422,37,Chase Doyle,Jodie Hirthe,Producer
423,88,Linnie O'Reilly,Kaley Moen,Costume Designer
424,21,Jessyca McClure,Pierre Kuphal,Costume Designer
425,20,Carmela Homenick,Torrance Rice,Screenwriter
426,33,Lourdes Goodwin,Abdul Bogisich,Film Editor
427,13,Felicity Dietrich,Briana Kautzer,Cinematographer
428,76,Ozella Kris,Rosella Huels,Director
429,75,Benedict McDermott,Raoul Denesik,Screenwriter
430,4,Jordane Schaden,Tyler Balistreri,Costume Designer
431,17,Nella Buckridge,Liliane Keeling,Production Designer
432,78,Virgie Koelpin,Creola Pouros,Cinematographer
433,62,Marlee Bashirian,Jenifer Skiles,Cinematographer
434,71,Macey Mohr,Sandra Zulauf,Film Editor
435,17,Lesly Tremblay,Wallace Strosin,Costume Designer
436,74,Conner Herzog,Carole Jacobi,Actor
437,1,Ernesto Stark,Claud Wisozk,Actress
438,16,Dorthy Goyette,Garth Medhurst,Director
439,39,Chance Little,Iliana Boyer,Director
440,66,Donavon Osinski,Blanca Kling,Film Editor
441,39,Brendon Cartwright,Maximillia Mueller,Film Editor
442,13,Wiley Will,Blake Mann,Costume Designer
443,89,Kory Pouros,Flavio O'Connell,Screenwriter
444,29,Oliver O'Connell,Kyler Welch,Producer
445,26,Leora Wisozk,Edwin Osinski,Producer
446,67,Abigail Schinner,Mac Carroll,Production Designer
447,81,Jarvis Kirlin,Vicky Kris,Cinematographer
448,65,Carolyne Oberbrunner,Daryl Lebsack,Actor
449,100,Ceasar Kihn,Nikita Denesik,Costume Designer
450,87,Bridgette Kuhlman,Lydia Langosh,Cinematographer
451,44,Avis Zulauf,Krista Parisian,Production Designer
452,92,Thora Krajcik,Keanu Weimann,Costume Designer
453,34,Cullen Abernathy,Alessandra McKenzie,Director
454,22,Amaya Hand,Odell Heathcote,Screenwriter
455,81,Makayla Christiansen,Monserrate Abernathy,Actor
456,97,Bailey Becker,Ed Conn,Director
457,97,Herbert Shields,Saige Glover,Film Editor
458,90,Jacky Emmerich,Janis Smitham,Director
459,44,Milton Hayes,Enola Hartmann,Actor
460,23,Haylee Flatley,Alfreda Luettgen,Production Designer
461,35,Neva Towne,Michele Hammes,Production Designer
462,26,Morgan Hilpert,Jasper Pagac,Production Designer
463,64,Heidi McGlynn,Grayson Hilpert,Actor
464,69,Vallie Stehr,Aliya Schulist,Producer
465,2,Rodrick Leannon,Holden Wisoky,Music Composer
466,83,Izabella Hettinger,Ludie Hermiston,Director
467,63,Zander Schneider,Ernest Reichel,Director
468,79,Keith Stark,Ashlee Watsica,Music Composer
469,28,Hilda Legros,Hailey Moore,Film Editor
470,39,Jedediah Bradtke,Dwight Lubowitz,Screenwriter
471,71,Palma Senger,Macy Grant,Director
472,73,Doug Donnelly,Jennyfer Runte,Actor
473,23,Niko Nader,Andy Marks,Film Editor
474,33,Eda D'Amore,Bernard Stroman,Screenwriter
475,8,Whitney Gusikowski,Julianne Hand,Screenwriter
476,94,Peter Witting,Ansley Gaylord,Production Designer
477,94,Rodolfo Boyer,Danielle Mitchell,Screenwriter
478,33,Elinor Klein,Savanna Yundt,Costume Designer
479,91,Zola Will,Harmony O'Kon,Director
480,30,Norbert Roberts,Ricky Borer,Screenwriter
481,48,Flossie Tremblay,Ryder Kub,Actor
482,29,Adolfo Toy,Wilburn Steuber,Screenwriter
483,73,Jamel Thiel,Gerhard Monahan,Film Editor
484,39,Glennie Schmeler,Jordyn Sawayn,Cinematographer
485,68,Makayla Reichert,Kaleigh Stroman,Director
486,18,Aniyah Lebsack,Sylvia Morar,Actor
487,65,Kathryne Toy,Jed Wunsch,Cinematographer
488,74,Aimee Kunze,Moses Hackett,Film Editor
489,58,Nicklaus Jacobi,Rico Collier,Producer
490,19,Gisselle Breitenberg,Clay Bergnaum,Music Composer
491,36,Kristoffer Borer,Perry Huel,Costume Designer
492,100,Ashley Emmerich,Eulalia Lind,Actress
493,22,Jordyn Schmeler,Helmer Parker,Costume Designer
494,86,Kara Heaney,Johanna Rice,Film Editor
495,36,Claire Crona,Favian Schaden,Director
496,37,Brock Fritsch,Leda Fahey,Producer
497,8,Micheal Russel,Blanche Wisoky,Costume Designer
498,72,Dallas Reinger,Roosevelt Reilly,Film Editor
499,28,Zackery Rempel,Quinn Ebert,Film Editor
500,9,Jamaal Lehner,Wilbert Grimes,Music Composer
